{
  "page": 1,
  "results": [
    {
      "backdrop_path": "/9ijMGlJKqcslswWUzTEwScm82Gs.jpg",
      "first_air_date": "2019-11-12",
      "genre_ids": [
        10765,
        10759,
        37
      ],
      "id": 82856,
      "name": "The Mandalorian",
      "origin_country": [
        "US"
      ],
      "original_language": "en",
      "original_name": "The Mandalorian",
      "overview": "After the fall of the Galactic Empire, lawlessness has spread throughout the galaxy. A lone gunfighter makes his way through the outer reaches, earning his keep as a bounty hunter.",
      "popularity": 1710.849,
      "poster_path": "/sWgBv7LV2PRoQgkxwlibdGXKz1S.jpg",
      "vote_average": 8.5,
      "vote_count": 3688
    },
    {
      "backdrop_path": "/iDbIEpCM9nhoayUDTwqFL1iVwzb.jpg",
      "first_air_date": "2017-09-25",
      "genre_ids": [
        18
      ],
      "id": 71712,
      "name": "The Good Doctor",
      "origin_country": [
        "US"
      ],
      "original_language": "en",
      "original_name": "The Good Doctor",
      "overview": "A young surgeon with Savant syndrome is recruited into the surgical unit of a prestigious hospital. The question will arise: can a person who doesn't have the ability to relate to people actually save their lives?",
      "popularity": 897.089,
      "poster_path": "/6tfT03sGp9k4c0J3dypjrI8TSAI.jpg",
      "vote_average": 8.6,
      "vote_count": 5977
    },
    {
      "backdrop_path": "/edmk8xjGBsYVIf4QtLY9WMaMcXZ.jpg",
      "first_air_date": "2005-03-27",
      "genre_ids": [
        18
      ],
      "id": 1416,
      "name": "Grey's Anatomy",
      "origin_country": [
        "US"
      ],
      "original_language": "en",
      "original_name": "Grey's Anatomy",
      "overview": "Follows the personal and professional lives of a group of doctors at Seattle’s Grey Sloan Memorial Hospital.",
      "popularity": 863.863,
      "poster_path": "/clnyhPqj1SNgpAdeSS6a6fwE6Bo.jpg",
      "vote_average": 8.1,
      "vote_count": 4570
    },
    {
      "backdrop_path": "/Wu8kh7oyvaIfkNyMJyJHCamh5L.jpg",
      "first_air_date": "2020-12-04",
      "genre_ids": [
        18
      ],
      "id": 97180,
      "name": "Selena: The Series",
      "origin_country": [
        "US"
      ],
      "original_language": "en",
      "original_name": "Selena: The Series",
      "overview": "As Mexican-American Tejano singer Selena comes of age and realizes her dreams, she and her family make tough choices to hold on to love and music.",
      "popularity": 775.205,
      "poster_path": "/mYsWyfiIMxx4HDm0Wck7oJ9ckez.jpg",
      "vote_average": 7.7,
      "vote_count": 380
    },
    {
      "backdrop_path": "/6lOtF3yx8iurvaBVz1ZVhwcRgmD.jpg",
      "first_air_date": "2017-09-27",
      "genre_ids": [
        10759,
        18,
        10768
      ],
      "id": 71789,
      "name": "SEAL Team",
      "origin_country": [
        "US"
      ],
      "original_language": "en",
      "original_name": "SEAL Team",
      "overview": "The lives of the elite Navy Seals as they train, plan and execute the most dangerous, high-stakes missions our country can ask.",
      "popularity": 633.59,
      "poster_path": "/uTSLeQTeHevt4fplegmQ6bOnE0Z.jpg",
      "vote_average": 7.8,
      "vote_count": 738
    },
    {
      "backdrop_path": "/f8RGyElWxLiL1lLzC9KcPuUZIzf.jpg",
      "first_air_date": "2020-11-29",
      "genre_ids": [
        80,
        9648,
        18
      ],
      "id": 89844,
      "name": "30 Coins",
      "origin_country": [
        "ES"
      ],
      "original_language": "es",
      "original_name": "30 Monedas",
      "overview": "Father Vergara—an exorcist, boxer and ex-convict—lives in a remote village in Spain. Hoping to be lost and forgotten, Vergara’s demons catch up to him.",
      "popularity": 521.729,
      "poster_path": "/lw70w94nzCmIVSQvtMcuAjWHfWX.jpg",
      "vote_average": 6.4,
      "vote_count": 39
    },
    {
      "backdrop_path": "/ta5oblpMlEcIPIS2YGcq9XEkWK2.jpg",
      "first_air_date": "2016-01-25",
      "genre_ids": [
        80,
        10765
      ],
      "id": 63174,
      "name": "Lucifer",
      "origin_country": [
        "US"
      ],
      "original_language": "en",
      "original_name": "Lucifer",
      "overview": "Bored and unhappy as the Lord of Hell, Lucifer Morningstar abandoned his throne and retired to Los Angeles, where he has teamed up with LAPD detective Chloe Decker to take down criminals. But the longer he's away from the underworld, the greater the threat that the worst of humanity could escape.",
      "popularity": 490.579,
      "poster_path": "/4EYPN5mVIhKLfxGruy7Dy41dTVn.jpg",
      "vote_average": 8.5,
      "vote_count": 6666
    },
    {
      "backdrop_path": "/58PON1OrnBiX6CqEHgeWKVwrCn6.jpg",
      "first_air_date": "2015-08-23",
      "genre_ids": [
        10759,
        18
      ],
      "id": 62286,
      "name": "Fear the Walking Dead",
      "origin_country": [
        "US"
      ],
      "original_language": "en",
      "original_name": "Fear the Walking Dead",
      "overview": "What did the world look like as it was transforming into the horrifying apocalypse depicted in \"The Walking Dead\"? This spin-off set in Los Angeles, following new characters as they face the beginning of the end of the world, will answer that question.",
      "popularity": 451.939,
      "poster_path": "/wGFUewXPeMErCe2xnCmmLEiHOGh.jpg",
      "vote_average": 7.5,
      "vote_count": 2796
    },
    {
      "backdrop_path": "/tJjwEzTglpxoWJXwEbZlKLppMhr.jpg",
      "first_air_date": "2020-10-25",
      "genre_ids": [
        18,
        80,
        9648
      ],
      "id": 83851,
      "name": "The Undoing",
      "origin_country": [
        "US"
      ],
      "original_language": "en",
      "original_name": "The Undoing",
      "overview": "Grace and Jonathan Fraser are living the only lives they ever wanted. Overnight a chasm opens in their lives: a violent death and a chain of terrible revelations. Left behind in the wake of a spreading and very public disaster, Grace must dismantle one life and create another for her child and her family.",
      "popularity": 412.699,
      "poster_path": "/3tDbJxobPN3EI2bBebL6zmusmw5.jpg",
      "vote_average": 7.7,
      "vote_count": 147
    },
    {
      "backdrop_path": "/34OGjFEbHj0E3lE2w0iTUVq0CBz.jpg",
      "first_air_date": "2020-10-23",
      "genre_ids": [
        18
      ],
      "id": 87739,
      "name": "The Queen's Gambit",
      "origin_country": [
        "US"
      ],
      "original_language": "en",
      "original_name": "The Queen's Gambit",
      "overview": "In a Kentucky orphanage in the 1950s, a young girl discovers an astonishing talent for chess while struggling with addiction.",
      "popularity": 417.772,
      "poster_path": "/zU0htwkhNvBQdVSIKB9s6hgVeFK.jpg",
      "vote_average": 8.7,
      "vote_count": 823
    },
    {
      "backdrop_path": "/euv0fNNFfOFVd314c17pup96Bgj.jpg",
      "first_air_date": "2014-01-08",
      "genre_ids": [
        80,
        18
      ],
      "id": 58841,
      "name": "Chicago P.D.",
      "origin_country": [
        "US"
      ],
      "original_language": "en",
      "original_name": "Chicago P.D.",
      "overview": "A riveting police drama about the men and women of the Chicago Police Department's District 21 who put it all on the line to serve and protect their community. District 21 is made up of two distinctly different groups: the uniformed cops who patrol the beat and go head-to-head with the city's street crimes and the Intelligence Unit that combats the city's major offenses - organized crime, drug trafficking, high profile murders and beyond.",
      "popularity": 355.662,
      "poster_path": "/OlPR1kctwXzSUJQkZINDDhNlHV.jpg",
      "vote_average": 8.3,
      "vote_count": 1084
    },
    {
      "backdrop_path": "/9yKCJTOh9m3Lol2RY3kw99QPH6x.jpg",
      "first_air_date": "2019-11-03",
      "genre_ids": [
        18,
        10765
      ],
      "id": 68507,
      "name": "His Dark Materials",
      "origin_country": [
        "GB"
      ],
      "original_language": "en",
      "original_name": "His Dark Materials",
      "overview": "Lyra is an orphan who lives in a parallel universe in which science, theology and magic are entwined. Lyra's search for a kidnapped friend uncovers a sinister plot involving stolen children, and turns into a quest to understand a mysterious phenomenon called Dust. She is later joined on her journey by Will, a boy who possesses a knife that can cut windows between worlds. As Lyra learns the truth about her parents and her prophesied destiny, the two young people are caught up in a war against celestial powers that ranges across many worlds.",
      "popularity": 379.313,
      "poster_path": "/g6tIKGc3f1H5QMz1dcgCwADKpZ7.jpg",
      "vote_average": 8.1,
      "vote_count": 618
    },
    {
      "backdrop_path": "/9hvhGtcsGhQY58pukw8w55UEUbL.jpg",
      "first_air_date": "2017-01-26",
      "genre_ids": [
        18,
        9648
      ],
      "id": 69050,
      "name": "Riverdale",
      "origin_country": [
        "US"
      ],
      "original_language": "en",
      "original_name": "Riverdale",
      "overview": "Set in the present, the series offers a bold, subversive take on Archie, Betty, Veronica and their friends, exploring the surreality of small-town life, the darkness and weirdness bubbling beneath Riverdale’s wholesome facade.",
      "popularity": 369.487,
      "poster_path": "/4X7o1ssOEvp4BFLim1AZmPNcYbU.jpg",
      "vote_average": 8.6,
      "vote_count": 7031
    },
    {
      "backdrop_path": "/stD2BtJHwc8xolJVtglrETEjD57.jpg",
      "first_air_date": "2018-09-25",
      "genre_ids": [
        80,
        18,
        10759
      ],
      "id": 80748,
      "name": "FBI",
      "origin_country": [
        "US"
      ],
      "original_language": "en",
      "original_name": "FBI",
      "overview": "The New York office of the FBI brings to bear all their talents, intellect and technical expertise on major cases in order to keep their city and the country safe.",
      "popularity": 342.074,
      "poster_path": "/7aWmC7BjwBFgIKA77VqrXyRPicJ.jpg",
      "vote_average": 7.7,
      "vote_count": 340
    },
    {
      "backdrop_path": "/vwsXyOGWOTVACbAjKOfKlQFO2OX.jpg",
      "first_air_date": "2018-10-03",
      "genre_ids": [
        80,
        10759
      ],
      "id": 82809,
      "name": "Falsa Identidad",
      "origin_country": [
        "US"
      ],
      "original_language": "es",
      "original_name": "Falsa Identidad",
      "overview": "Isabel and Diego, two complete strangers, must assume the identity of a married couple in order to flee the state of Sonora.",
      "popularity": 338.849,
      "poster_path": "/A8NqOX6Tol9srq9pS740q2ktgzH.jpg",
      "vote_average": 7,
      "vote_count": 113
    },
    {
      "backdrop_path": "/qPO43E0tnw9Gjh9EzkNmc3AKlE3.jpg",
      "first_air_date": "2018-03-22",
      "genre_ids": [
        10759,
        18
      ],
      "id": 76773,
      "name": "Station 19",
      "origin_country": [
        "US"
      ],
      "original_language": "en",
      "original_name": "Station 19",
      "overview": "A group of heroic firefighters at Seattle Fire Station 19—from captain to newest recruit—risk their lives and hearts both in the line of duty and off the clock. These brave men and women are like family, literally and figuratively, and together they put their own lives in jeopardy as first responders to save the lives of others.",
      "popularity": 313.924,
      "poster_path": "/lcuCED5Ky2uM5VE6wILOwt5FEb0.jpg",
      "vote_average": 8.2,
      "vote_count": 567
    },
    {
      "backdrop_path": "/zXpSJLcczUt6EfbdULZanguzy87.jpg",
      "first_air_date": "2013-09-23",
      "genre_ids": [
        18,
        80,
        9648
      ],
      "id": 46952,
      "name": "The Blacklist",
      "origin_country": [
        "US"
      ],
      "original_language": "en",
      "original_name": "The Blacklist",
      "overview": "Raymond \"Red\" Reddington, one of the FBI's most wanted fugitives, surrenders in person at FBI Headquarters in Washington, D.C. He claims that he and the FBI have the same interests: bringing down dangerous criminals and terrorists. In the last two decades, he's made a list of criminals and terrorists that matter the most but the FBI cannot find because it does not know they exist. Reddington calls this \"The Blacklist\". Reddington will co-operate, but insists that he will speak only to Elizabeth Keen, a rookie FBI profiler.",
      "popularity": 301.47,
      "poster_path": "/htJzeRcYI2ewMm4PTrg98UMXShe.jpg",
      "vote_average": 7.4,
      "vote_count": 1741
    },
    {
      "backdrop_path": "/pLVrN9B750ehwTFdQ6n3HRUERLd.jpg",
      "first_air_date": "2020-10-04",
      "genre_ids": [
        18,
        10765,
        9648
      ],
      "id": 94305,
      "name": "The Walking Dead: World Beyond",
      "origin_country": [
        "US"
      ],
      "original_language": "en",
      "original_name": "The Walking Dead: World Beyond",
      "overview": "A heroic group of teens sheltered from the dangers of the post-apocalyptic world receive a message that inspires them to leave the safety of the only home they have ever known and embark on a cross-country journey to find the one man who can possibly save the world.",
      "popularity": 290.598,
      "poster_path": "/z31GxpVgDsFAF4paZR8PRsiP16D.jpg",
      "vote_average": 7.8,
      "vote_count": 517
    },
    {
      "backdrop_path": "/gJSqr2prvTegFbL0cEWK9Qti3Vs.jpg",
      "first_air_date": "2017-11-02",
      "genre_ids": [
        10759,
        80,
        18
      ],
      "id": 71790,
      "name": "S.W.A.T.",
      "origin_country": [
        "US"
      ],
      "original_language": "en",
      "original_name": "S.W.A.T.",
      "overview": "A locally born and bred S.W.A.T. lieutenant is torn between loyalty to the streets and duty to his fellow officers when he's tasked to run a highly-trained unit that's the last stop for solving crimes in Los Angeles.",
      "popularity": 287.299,
      "poster_path": "/ushSkKB8aeLsyyW2c7S7CCmEmRA.jpg",
      "vote_average": 7.7,
      "vote_count": 308
    },
    {
      "backdrop_path": "/mE3zzMkpP8yqlkzdjPsQmJHceoe.jpg",
      "first_air_date": "2019-02-15",
      "genre_ids": [
        10759,
        10765,
        18
      ],
      "id": 75006,
      "name": "The Umbrella Academy",
      "origin_country": [
        "US"
      ],
      "original_language": "en",
      "original_name": "The Umbrella Academy",
      "overview": "A dysfunctional family of superheroes comes together to solve the mystery of their father's death, the threat of the apocalypse and more.",
      "popularity": 298.637,
      "poster_path": "/scZlQQYnDVlnpxFTxaIv2g0BWnL.jpg",
      "vote_average": 8.7,
      "vote_count": 4577
    }
  ],
  "total_pages": 500,
  "total_results": 10000
}